<PAMDataset>
  <PAMRasterBand band="1">
    <Histograms>
      <HistItem>
        <HistMin>-577006.1875</HistMin>
        <HistMax>635847.5</HistMax>
        <BucketCount>256</BucketCount>
        <IncludeOutOfRange>1</IncludeOutOfRange>
        <Approximate>0</Approximate>
        <HistCounts>1|0|0|0|0|0|0|0|0|0|0|0|0|0|0|0|0|0|0|0|0|0|0|0|0|0|0|0|0|0|0|0|0|0|0|0|0|0|0|0|0|0|0|1|0|0|1|1|0|1|0|1|1|0|0|1|1|2|0|1|1|1|2|0|1|1|0|3|2|1|4|2|2|2|2|4|2|3|4|4|3|6|7|6|8|15|5|8|17|11|18|18|17|21|21|27|26|33|44|37|47|70|66|82|91|128|151|166|208|251|333|446|577|778|1080|1669|2600|4275|8574|22480|131193|3515259|369884|93950|44508|26761|18060|12991|9547|7231|5683|4493|3587|2965|2555|2215|1855|1578|1446|1270|1096|964|841|708|607|537|472|440|399|340|287|257|243|210|191|145|156|127|122|103|92|81|72|76|66|61|47|44|30|33|27|29|23|27|24|20|22|16|17|13|12|10|11|15|8|4|11|9|8|9|7|4|6|6|4|12|5|3|3|1|6|2|5|3|4|5|0|6|2|4|3|1|4|2|3|0|1|1|2|1|3|2|2|1|0|0|1|0|0|3|1|1|0|1|0|1|0|1|0|0|1|1|0|2|1|0|0|0|3|0|0|0|0|0|1|1</HistCounts>
      </HistItem>
    </Histograms>
    <Metadata>
      <MDI key="RepresentationType">ATHEMATIC</MDI>
      <MDI key="STATISTICS_COVARIANCES">90225665.49015988</MDI>
      <MDI key="STATISTICS_EXCLUDEDVALUES"></MDI>
      <MDI key="STATISTICS_MAXIMUM">635847.5</MDI>
      <MDI key="STATISTICS_MEAN">2150.8832419705</MDI>
      <MDI key="STATISTICS_MINIMUM">-577006.1875</MDI>
      <MDI key="STATISTICS_SKIPFACTORX">1</MDI>
      <MDI key="STATISTICS_SKIPFACTORY">1</MDI>
      <MDI key="STATISTICS_STDDEV">9498.7191499781</MDI>
    </Metadata>
  </PAMRasterBand>
</PAMDataset>
